{"cameraMode":{"drawMode":0,"name":"Shaded","section":"Shading Mode"},"sceneLighting":true,"audioPlay":false,"sceneViewState":{"showFog":true,"showMaterialUpdate":false,"showSkybox":true,"showFlares":true,"showImageEffects":true,"showParticleSystems":true},"in2DMode":false,"pivot":{"x":8.757644653320313,"y":3.3354971408843996,"z":13.492607116699219},"rotation":{"x":-0.03520570322871208,"y":-0.6828962564468384,"z":0.03305918723344803,"w":-0.7290078997612},"size":6.294145584106445,"orthographic":false}