{"cameraMode":{"drawMode":0,"name":"Shaded","section":"Shading Mode"},"sceneLighting":false,"audioPlay":false,"sceneViewState":{"showFog":true,"showMaterialUpdate":false,"showSkybox":false,"showFlares":true,"showImageEffects":true,"showParticleSystems":true},"in2DMode":false,"pivot":{"x":-5.577669143676758,"y":0.2273966670036316,"z":-4.087461471557617},"rotation":{"x":-0.00023008293646853417,"y":-0.6726072430610657,"z":0.00020741076150443405,"w":-0.7400097846984863},"size":0.28132861852645876,"orthographic":false}